Om,normR,smin,smax,cond,stepnorm
1.6000000000000001e+00,3.4228819527511531e-04,4.9999999999999989e-01,1.1025330341306907e+01,2.2050660682613817e+01,4.3785659193820676e-04
1.6000000000000001e+00,1.3070391759405395e-08,4.9999999999999989e-01,1.1025330341064747e+01,2.2050660682129497e+01,1.5416698768126231e-08
1.5902696307331017e+00,3.0334863702452821e-05,4.9999999999999983e-01,1.0885639278829329e+01,2.1771278557658665e+01,3.9638570097377925e-05
1.5805572609109499e+00,6.1436451832625933e-05,5.0000000000000000e-01,1.0747056383047536e+01,2.1494112766095071e+01,8.1926919815573305e-05
1.5611713476215436e+00,1.8861820945884276e-04,4.9999999999999994e-01,1.0472983044589721e+01,2.0945966089179446e+01,2.6216981117494463e-04
1.5612335208910761e+00,2.7899962138243168e-08,4.9999999999999989e-01,1.0473856628758915e+01,2.0947713257517833e+01,3.8516340411555093e-08
1.5226392741627359e+00,5.3210617788596363e-04,4.9999999999999989e-01,9.9382686571226060e+00,1.9876537314245216e+01,8.0614964062906589e-04
1.5228413673647385e+00,2.2692958083105628e-07,4.9999999999999989e-01,9.9410382713911876e+00,1.9882076542782379e+01,3.4364263893446354e-07
1.4751568173786254e+00,9.1948149549975645e-04,4.9999999999999983e-01,9.2977276377048579e+00,1.8595455275409723e+01,1.5613106497679211e-03
1.4755960497407290e+00,9.1956142782979074e-07,4.9999999999999989e-01,9.3035599231637018e+00,1.8607119846327407e+01,1.5599608269839720e-06
1.4289098351251859e+00,1.0459988336428813e-03,5.0000000000000022e-01,8.6933595746244698e+00,1.7386719149248933e+01,2.0046133288861888e-03
1.4295605307977268e+00,1.6207198181591976e-06,5.0000000000000011e-01,8.7017295283419411e+00,1.7403459056683879e+01,3.1011339208780099e-06
1.3843524472207236e+00,1.1807360226604809e-03,4.5669445218087296e-01,8.1292787952887497e+00,1.7800257385367065e+01,2.5715282263772902e-03
1.3853026901386498e+00,2.7400025435146674e-06,4.5801082572041668e-01,8.1411220643755762e+00,1.7774955540778326e+01,5.9521426563909225e-06
1.3422382746332744e+00,1.3078857197974735e-03,3.9937473343814922e-01,7.6125539051070721e+00,1.9061180559851369e+01,3.2551726254472068e-03
1.3435723647449413e+00,4.2639088722624438e-06,4.0116587139892473e-01,7.6286778611103019e+00,1.9016268344333415e+01,1.0569632981681782e-05
1.3034720143226901e+00,1.7001259635623901e-03,3.4903967986488171e-01,7.1473581248193057e+00,2.0477207999921816e+01,4.9694358858178560e-03
1.3056116804488060e+00,8.6947972268369533e-06,3.5182052210166354e-01,7.1724795580299219e+00,2.0386757188534137e+01,2.5213922497840643e-05
1.2697934674971689e+00,1.4365411964054040e-03,3.0581249663324533e-01,6.7573727566004109e+00,2.2096457244206047e+01,3.8398286830364373e-03
1.2719110609434685e+00,4.8755827768629103e-06,3.0837018695280127e-01,6.7783127192257675e+00,2.1981089631933994e+01,1.1748361857032665e-05
1.2406331238117829e+00,1.3908664607291804e-03,2.6753680103531519e-01,6.4252225965795287e+00,2.4016219718988832e+01,3.3259505697571115e-03
1.2428521892045024e+00,5.9625567107496540e-06,2.7027956606893638e-01,6.4500218656282007e+00,2.3864260104602526e+01,1.4684989171680648e-05
1.2161067019662908e+00,1.2647138860069466e-03,2.3731247768955030e-01,6.1539566409446813e+00,2.5931871348944505e+01,2.7409389572872864e-03
1.2181900828509304e+00,4.3527703538171644e-06,2.3983203843787285e-01,6.1767784010751816e+00,2.5754600766883119e+01,1.0596521238109938e-05
1.1956259439634087e+00,1.1155347745952886e-03,2.1274933857349970e-01,5.9316861012644351e+00,2.7881102432735332e+01,2.2117134319395832e-03
1.1974449209018820e+00,2.9300601753938582e-06,2.1490857649125739e-01,5.9512740643728623e+00,2.7692119884359123e+01,8.0138155748299299e-06
1.1784685909288743e+00,1.5184435788977448e-03,1.9356161219767326e-01,5.7488973297227774e+00,2.9700606770374293e+01,2.7401965296115129e-03
1.1808253937235467e+00,4.8353309269770202e-06,1.9629113223169234e-01,5.7739189031920501e+00,2.9415077683574630e+01,1.5672014770106936e-05
1.1659178445028520e+00,7.8853537330099833e-04,1.7814848364264321e-01,5.6165927441143788e+00,3.1527592204382596e+01,1.3713137581986814e-03
1.1671132208092847e+00,1.1505252427298543e-06,1.7952022794804809e-01,5.6291424884414747e+00,3.1356591693224171e+01,4.9205219873035291e-06
1.1549338597974403e+00,9.8081262398163433e-04,1.6514167904032981e-01,5.5028239129638497e+00,3.3321835801487680e+01,1.8549543097205901e-03
1.1562634693091218e+00,2.2331923281640091e-06,1.6665556942039572e-01,5.5166521787368890e+00,3.3102117126496388e+01,1.2598919148086993e-05
1.1464663429469217e+00,5.0028879561047051e-04,1.5316320778943007e-01,5.4099545075072939e+00,3.5321501720863274e+01,1.2028982346278970e-03
1.1470615504481221e+00,7.1906660290047893e-07,1.5382875326056325e-01,5.4160972383143564e+00,3.5208614277334000e+01,4.7798162423171264e-06
1.1384947637519238e+00,6.3795620917524317e-04,1.2769821189022507e-01,5.3148403061555598e+00,4.1620318933865946e+01,1.3933921221913580e-03
1.1392873165952710e+00,1.0003820007910823e-06,1.2856787629672350e-01,5.3229638146386744e+00,4.1401973556393948e+01,8.4249530479858933e-06
1.1330080756272760e+00,3.4093744862009315e-04,1.2148409408034401e-01,5.2587596661223541e+00,4.3287639471916805e+01,7.4231284489807562e-04
1.1334091466278233e+00,2.6376552490064823e-07,1.2192032717116882e-01,5.2628500360612369e+00,4.3166305063080344e+01,2.3917609937526099e-06
1.1279078680757408e+00,4.2663521200202875e-04,1.1663054622132767e-01,5.2032270894616763e+00,4.4612901662893755e+01,8.7356777895355976e-04
1.1283727082630335e+00,3.5360770223853811e-07,1.1712455174526064e-01,5.2079466809554091e+00,4.4465029776868668e+01,3.3712695625604475e-06
1.1240330039017661e+00,2.3655151163711339e-04,1.1211023589628309e-01,5.1639642934570320e+00,4.6061488071743845e+01,5.8944410935927636e-04
1.1242742836884738e+00,1.3192142919586435e-07,1.1236234423698696e-01,5.1664053179987919e+00,4.5979864100219942e+01,1.3331001163008559e-06
1.1204037959643469e+00,8.9280098469554474e-04,1.0786074003570739e-01,5.1256057412493421e+00,4.7520587560891073e+01,1.0054874418084236e-03
1.1212507844079656e+00,7.8098799023888793e-07,1.0877241882573184e-01,5.1341502835359707e+00,4.7200846859547873e+01,5.0168863866136107e-06
1.1185452946383756e+00,1.4803550441438792e-04,1.0560223839148554e-01,5.1068869605212130e+00,4.8359646900561998e+01,3.9668418983315946e-04
1.1186812304434388e+00,4.8778736243686606e-08,1.0574350291798991e-01,5.1082554384042105e+00,4.8307983918084808e+01,5.3345268543747997e-07
1.1162410924981958e+00,6.4555753854194297e-04,1.0008032001861901e-01,5.0798880940668836e+00,5.0758112015647207e+01,4.1522623636523577e-03
1.1163687273502108e+00,4.9940213045746135e-07,1.0024735276268143e-01,5.0811686157750842e+00,5.0686312164311083e+01,5.7382010203011942e-06
1.1139437227893614e+00,1.5876001338896758e-03,8.2329427785009068e-02,5.0382163809205078e+00,6.1195814382155710e+01,2.5044812108651229e-03
1.1153687021758512e+00,6.8505022730711906e-06,9.0688477887472863e-02,5.0600138669030965e+00,5.5795554019349737e+01,8.6958849679190915e-05
1.1157864422027963e+00,2.4926909549549587e-05,9.0577421678258885e-02,5.0642109984532304e+00,5.5910301978365794e+01,3.1280090788326684e-05
1.1161713605677430e+00,4.6115695595550433e-05,9.0467923109770768e-02,5.0680814569840607e+00,5.6020756117443078e+01,1.1972396089188928e-04
1.1165270590419931e+00,6.5947744277027037e-05,9.0361203857884403e-02,5.0716611226041834e+00,5.6126533358061934e+01,1.9597183852208738e-04
1.1168566504186186e+00,6.5200905881251513e-04,9.1911752293375268e-02,5.0698637387642691e+00,5.5160124927024050e+01,1.2665379306533739e-03
1.1171881233491958e+00,4.4622601489077186e-07,9.2227896087581959e-02,5.0731956296767278e+00,5.5007170768149066e+01,4.7166397709500321e-06
1.1180525722324390e+00,4.9069504709824756e-05,9.2555112453157784e-02,5.0818934918481755e+00,5.4906675138233190e+01,2.1248146185130599e-04
1.1188604782135039e+00,4.1602888750416579e-04,8.4922629847491632e-02,5.0936489511682250e+00,5.9979877687674751e+01,3.7540103474910289e-03
1.1190026717771140e+00,4.6001231350037548e-07,8.4996712658874610e-02,5.0950796460031960e+00,5.9944431809401422e+01,6.8262928092470353e-06
1.1203461791812812e+00,3.7122909957497022e-04,7.8465582649143953e-02,5.0699017828675190e+00,6.4613064883968349e+01,2.9048684420475966e-03
1.1202977840205091e+00,1.4197337106691573e-07,7.8288152486053017e-02,5.0694110479540262e+00,6.4753233879891837e+01,1.9032175862694872e-06
1.1222322278521697e+00,1.1137817934295228e-04,7.8519132051861951e-02,5.0889280221790854e+00,6.4811312723348038e+01,9.1212171905265911e-04
1.1222101489446263e+00,1.8869073040097655e-08,7.8533175527918955e-02,5.0887054408084857e+00,6.4796888787458045e+01,1.6683498308253890e-07
1.1240986376092017e+00,9.8599356941314690e-05,6.6345719215848906e-02,5.0979041456811940e+00,7.6838478894104568e+01,1.3368481801563758e-03
1.1241218810619400e+00,2.5660524139228540e-08,6.6427904210337535e-02,5.0981397693151234e+00,7.6746960933350493e+01,4.6314643593456771e-07
1.1265137256012236e+00,5.7847903029182766e-04,6.1975489148483415e-02,5.1138180319368098e+00,8.2513556604368461e+01,5.1010481764162049e-03
1.1265416162285662e+00,1.3189237498423943e-07,6.1756070637848166e-02,5.1140945137724891e+00,8.2811203189443802e+01,2.3217502771819426e-06
1.1289495504996652e+00,7.6762452772479361e-04,6.2928643328984540e-02,5.1378441833396833e+00,8.1645557754670747e+01,3.0863362403656535e-03
1.1292132328767135e+00,8.3949176469457247e-07,6.3009909866636279e-02,5.1405183979818005e+00,8.1582697211628656e+01,1.3144342446755811e-05
1.1321339705004467e+00,1.7228608706122684e-04,6.4014328062181242e-02,5.1702535816409538e+00,8.0767130393351209e+01,1.6688825526829042e-03
1.1321343201775305e+00,2.4521238307329108e-08,6.4088574696517603e-02,5.1702593013815017e+00,8.0673650894321412e+01,1.6083483806695138e-07
1.1350444638965678e+00,1.7228967064295919e-04,6.5539159101492342e-02,5.1999693825254329e+00,7.9341411360998507e+01,1.4819087320308117e-03
1.1350258734043941e+00,4.6252939875278691e-08,6.5581078271635077e-02,5.1997814511056202e+00,7.9287831004672782e+01,7.5851882625213875e-07
1.1378917740193082e+00,1.7030886391485308e-04,6.7349589821676215e-02,5.2291207801921864e+00,7.7641464395514603e+01,1.3034900193280936e-03
1.1378600320723880e+00,1.7538185697909092e-08,6.7365793646516833e-02,5.2287975070880623e+00,7.7617990140882412e+01,2.6665494263411126e-07
1.1406574466455373e+00,2.2783801223299443e-03,6.9626615386119972e-02,5.2579843718389307e+00,7.5516874440619546e+01,8.7319158526313369e-03
1.1413132963782822e+00,6.1553502699492938e-06,6.9812509690148655e-02,5.2647018957004317e+00,7.5412013105773525e+01,8.8925797631973742e-05
1.1447909196071684e+00,3.9937023392517688e-04,1.0372878374372456e-01,5.3188496117713262e+00,5.1276506094125573e+01,2.9984947322221488e-03
1.1445971497320422e+00,6.6114428287949392e-07,1.0337521543942184e-01,5.3168444123357981e+00,5.1432486885132377e+01,5.6482691649732800e-06
1.1477081443289536e+00,1.1798784943911273e-03,8.9218446775582605e-02,5.3191087286021306e+00,5.9618934433835825e+01,2.0646292558400992e-03
1.1474440403614881e+00,9.0663312311969985e-07,8.8866493590753257e-02,5.3163497574964644e+00,5.9824007257214902e+01,6.0069242805118171e-06
1.1502153544037008e+00,1.8284982487393347e-03,2.9247995277441690e-02,5.2949141912562112e+00,1.8103511509180450e+02,3.1332656773614535e-03
1.1508267407442958e+00,1.9189604273132424e-06,2.9571163375881889e-02,5.3012398066127346e+00,1.7927058665998925e+02,6.0382390087833955e-05
1.1548287542724520e+00,2.3814674492281821e-04,4.5320659096065481e-02,5.3437661667768230e+00,1.1791016003208883e+02,3.5666639569840275e-03
1.1545035513650415e+00,1.4605751573621094e-06,4.4728516731644942e-02,5.3403784599124666e+00,1.1939538464807188e+02,2.5246684328310051e-05
1.1575068318533173e+00,2.7254433351031561e-04,4.2976830640490481e-02,5.3714119679042085e+00,1.2498390150816635e+02,3.1634866176240154e-03
1.1577379497765461e+00,8.6388204967040773e-07,4.3401855374226729e-02,5.3738232582091126e+00,1.2381551921856878e+02,1.3360825289637489e-05
1.1611726113014385e+00,2.1674749472218357e-03,4.5945319860917141e-02,5.3716310218912628e+00,1.1691356242925146e+02,1.2033433907519122e-02
1.1609029557852453e+00,9.6434098670720302e-06,4.3132146150639726e-02,5.3651931608527583e+00,1.2438966385105748e+02,5.6504403600709128e-06
1.1649327865881733e+00,2.5940152719563462e-04,4.4435654681471863e-02,5.4073306982790887e+00,1.2168900710567812e+02,3.3433659522878923e-03
1.1650902258456624e+00,5.8210871104172278e-07,4.4806055730375334e-02,5.4089858327441460e+00,1.2071997288253240e+02,1.1177360253352481e-05
1.1693893616612172e+00,2.8261645233259913e-04,6.9704197565053666e-02,5.4661291579915749e+00,7.8418938154910052e+01,2.3256249316692492e-03
1.1694241020891640e+00,3.2719511178407765e-05,4.7686527968795453e-02,5.4544877016678281e+00,1.1438215223463263e+02,5.1676137169275884e-04
1.1694530607183506e+00,5.7309933948018886e-08,4.7747992112611798e-02,5.4547931030303776e+00,1.1424130862226538e+02,4.6121467332860198e-07
1.1738532663332160e+00,2.7558324911992897e-03,6.7433821178041989e-02,5.5141941471004934e+00,8.1771936556014751e+01,3.2661536921021903e-02
1.1723326178070430e+00,4.3148862519520843e-04,5.0983843139216993e-02,5.4776983202077760e+00,1.0743988649993132e+02,2.9491333786920318e-03
1.1708897692211295e+00,7.4740985030032688e-04,6.1465225385591730e-02,5.4843747188709475e+00,8.9227277447786889e+01,6.5352270805877624e-03
1.1715927550407870e+00,6.9182172461615607e-06,6.3082509895156555e-02,5.4901932928653885e+00,8.7031941214611109e+01,6.4964914429778734e-05
1.1735194457418259e+00,8.1062083305162092e-04,4.8555979288072496e-02,5.4902262841226275e+00,1.1307003513512230e+02,1.0421299108549139e-02
1.1748279079546693e+00,1.9037238924568526e-05,5.0215861504383293e-02,5.5041003470321677e+00,1.0960880052912604e+02,1.5048200063516416e-04
1.1788482004530063e+00,2.4852269256163554e-03,5.5767028132420023e-02,5.5463755210295780e+00,9.9456178799049297e+01,6.2598004355355948e-03
1.1787752782990712e+00,6.4243013421016849e-07,5.5142120191738080e-02,5.5455468253978033e+00,1.0056825537565547e+02,7.5793143831692048e-06
1.1828938148216603e+00,2.7394664236280185e-04,6.2051058097494109e-02,5.5888407757215717e+00,9.0068420218401940e+01,2.9077248219767497e-03
1.1830967558320364e+00,3.1884720670453986e-05,5.5389367433804113e-02,5.5915360367514184e+00,1.0094962798471870e+02,2.3312002987883665e-04
1.1831042889662280e+00,1.4332522465816430e-08,5.5418986304093844e-02,5.5916178534660688e+00,1.0089715143441755e+02,2.6871373942608154e-08
1.1876140623745839e+00,9.2337536168293560e-04,6.1619868336923969e-02,5.6370665228287287e+00,9.1481313981498332e+01,6.5064956002653957e-03
1.1869243337868716e+00,5.8479795164239921e-06,6.0438137539978488e-02,5.6296316676436158e+00,9.3147007779975667e+01,7.1127109842493240e-05
1.1908184074220887e+00,1.0569996091991131e-03,7.0504853241311227e-02,5.6856347354568744e+00,8.0641749809720395e+01,2.9555379798674140e-03
1.1907742015893441e+00,1.9167707622665261e-07,7.0183118865091210e-02,5.6851502851386124e+00,8.1004526117838040e+01,2.0252033902608310e-06
1.1942053349676001e+00,1.8884545697528691e-03,5.1794462170389459e-02,5.6823619955071578e+00,1.0970983687047001e+02,1.9794670082154599e-02
1.1925075433272823e+00,4.3539034433499960e-05,4.9303732809389607e-02,5.6638784507926774e+00,1.1487727456031534e+02,5.7157129088720201e-04
1.1941955185468354e+00,5.7139098310935788e-04,7.0137649628620249e-02,5.6691542493026086e+00,8.0828973872390264e+01,6.5734062677856621e-03
1.1951512443260921e+00,9.2341881794914020e-06,7.1252709165038342e-02,5.6795187052864877e+00,7.9709512407891211e+01,4.3185940057228736e-05
1.1997900959341139e+00,3.2308821754605004e-04,6.2689323543865541e-02,5.7181005607903650e+00,9.1213307745923331e+01,2.9398624603446614e-03
1.1999983259718137e+00,3.5802950356813550e-05,7.1806702977261078e-02,5.7319802044096866e+00,7.9825141201996487e+01,1.8427358127519680e-04
1.2049711446755833e+00,1.1938312407772775e-03,5.4769238258352788e-02,5.7191805621405321e+00,1.0442322632209162e+02,4.3910472968713386e-03
1.2042853201373209e+00,4.3760426730767194e-06,5.3784969864119445e-02,5.7116337054089170e+00,1.0619386270622812e+02,5.4476898835548334e-05
1.2082644268799627e+00,1.9709494188303246e-04,5.8028325857677233e-02,5.7420937698372061e+00,9.8953290224510567e+01,2.3809983438299914e-03
1.2084159153174916e+00,4.9786364728857616e-07,5.8285646970458425e-02,5.7437718245704374e+00,9.8545218645022814e+01,5.4959921576708363e-06
1.2091646074552329e+00,4.7876649376174687e-05,5.0907847171039439e-02,5.7515696359934552e+00,1.1298002087319497e+02,1.1340258518511457e-03
1.2101280511266033e+00,1.0214805851842279e-03,6.3804346753218832e-02,5.8643073951803268e+00,9.1910781844725676e+01,4.4651555920715772e-04
1.2105127176385440e+00,3.1977181560173123e-07,6.4138438695179878e-02,5.8685070775251571e+00,9.1497504412532365e+01,5.8900805151784553e-07
1.2145965715798641e+00,2.8343195295621075e-04,4.5169105927023105e-02,5.8977405814115826e+00,1.3057023070016467e+02,5.1427677869875241e-03
1.2151940962856300e+00,4.2268593166948079e-06,4.6212581018632820e-02,5.9043317451071449e+00,1.2776459602476066e+02,5.9195987561108802e-05
1.2211934746620909e+00,3.4830581419124573e-03,5.7545000264291976e-02,5.9977295725561728e+00,1.0422677113580455e+02,4.3124690389977627e-02
1.2176620588566807e+00,1.6015676466304596e-03,6.5606787654954687e-02,5.9703165132797213e+00,9.1001506500811544e+01,1.3652226006689588e-02
1.2179447020130512e+00,7.4553687355280196e-06,6.9149697165695148e-02,5.9735225597982087e+00,8.6385375564040018e+01,1.1048012621429039e-04
1.2218568768671880e+00,1.3508120005585532e-04,8.1973462117813659e-02,6.0171498658021090e+00,7.3403632228612707e+01,1.4280071887113127e-04
1.2218398128648651e+00,7.5684621260269052e-08,8.1972616241325125e-02,6.0169641078690761e+00,7.3402123584238169e+01,7.5134910637395409e-07
1.2256516051451283e+00,2.8915596978384593e-04,8.1580930096341361e-02,6.0583856908293585e+00,7.4262277761173223e+01,2.6252386626513897e-03
1.2259317513951915e+00,8.9379975560582632e-07,8.2037513667921058e-02,6.0615126065888605e+00,7.3887083305878875e+01,6.1848333600022704e-06
1.2304400001739950e+00,3.1666273624894549e-04,6.7540535268572593e-02,6.1108183005328112e+00,9.0476308430683204e+01,3.7617216915061093e-03
1.2300307215882764e+00,1.9923572131120534e-06,6.6891227368646028e-02,6.1062218993470472e+00,9.1285840304512348e+01,2.0122556081230550e-05
1.2330515019762560e+00,1.0406425636713553e-03,7.4036160127909381e-02,6.1393071577246054e+00,8.2923089840396429e+01,3.7051002720684583e-03
1.2329153833990709e+00,4.7929938377662026e-07,7.3687223816673725e-02,6.1377569463919803e+00,8.3294723677772041e+01,4.6773704521732702e-06
1.2353091573939008e+00,1.5958674510791382e-04,6.6152845249822956e-02,6.1640123670084037e+00,9.3178340912326831e+01,2.5348298780643722e-03
1.2356063809922779e+00,9.0964935897471379e-07,6.6453354830882078e-02,6.1673429842096397e+00,9.2807097548423002e+01,5.9886190967825385e-06
1.2386102280652946e+00,8.1514268412204909e-04,5.7583342911455240e-02,6.1604125950207251e+00,1.0698254536026970e+02,8.4418714681476180e-03
1.2378371406959621e+00,7.0941380427930711e-06,5.6793094946232837e-02,6.1516525313630455e+00,1.0831690960295329e+02,6.8517144371089609e-05
1.2392930054629270e+00,9.5907702396659677e-05,4.8035556635301589e-02,6.1674138390829460e+00,1.2839267973737770e+02,2.4444209079518193e-03
1.2395551066439099e+00,7.4452585864860015e-07,4.8224751948131986e-02,6.1703599619012497e+00,1.2795006117476281e+02,2.6099104588049022e-06
1.2415944089066842e+00,9.9349512302288404e-04,4.7448510077857664e-02,6.1829996600443264e+00,1.3030966936366852e+02,7.5821734603829785e-03
1.2406959406750573e+00,9.2485108079785928e-06,4.6445461970171041e-02,6.1728392731461534e+00,1.3290511088275051e+02,6.3541536586244696e-05
1.2446345240879229e+00,3.0383206015657734e-04,4.2829971620405652e-02,6.2221368239263892e+00,1.4527529644595776e+02,4.7016714885271703e-03
1.2451563043444118e+00,3.3132005764773842e-06,4.3645441243116812e-02,6.2280468494295000e+00,1.4269638871875779e+02,3.7691949407312792e-05
1.2500892622194537e+00,1.8735156344025020e-03,5.1517562210732094e-02,6.2080392245432847e+00,1.2050335765402407e+02,2.7719578779391144e-02
1.2468097912830560e+00,1.4803014583680618e-04,4.7009504243159764e-02,6.1704198621756214e+00,1.3125898606074884e+02,2.2171466885473495e-03
1.2465156835787699e+00,3.4520688129674005e-06,4.8549007662157855e-02,6.1672191585971623e+00,1.2703079744726234e+02,6.9416097656165178e-05
1.2462228471135381e+00,1.6569870976239411e-05,3.8969229130202766e-02,6.1631645395899683e+00,1.5815464347518389e+02,4.3532162631976809e-04
1.2457862491887335e+00,2.1816438836947697e-03,3.9948976514532698e-02,6.1093991373129111e+00,1.5293005404257164e+02,2.0714755449827670e-02
1.2499658740844322e+00,2.4169863617432751e-04,4.4119245934767883e-02,6.1783766167601710e+00,1.4003812816509046e+02,1.3817655335044459e-04
1.2491132956088395e+00,9.0334407653895608e-06,4.3877455947695952e-02,6.1688258380897976e+00,1.4059214931338170e+02,1.1757720714025315e-04
1.2544795219084452e+00,1.1032971572774635e-03,3.9875449139646572e-02,6.2042474050982879e+00,1.5559065888814408e+02,1.2040845788681287e-02
1.2520090377340942e+00,4.6272333036001512e-04,4.4489330816151806e-02,6.1887632396435972e+00,1.3910668302065747e+02,3.1114237100489042e-04
1.2524528727462514e+00,4.3497610475353359e-06,4.5704421103786842e-02,6.1938087235308137e+00,1.3551880920810143e+02,8.7740483417369079e-05
1.2506023311168082e+00,5.7540580633871810e-04,4.0211449926037875e-02,6.1696151280150211e+00,1.5342931277939439e+02,6.3938048111125386e-03
1.2515367778961959e+00,8.1498431991937842e-06,4.0224309147736760e-02,6.1801140780390487e+00,1.5364127337378460e+02,3.7628523408930204e-05
1.2527987295539706e+00,8.9147316934834800e-05,3.1262122577641813e-02,6.1940874272274744e+00,1.9813393706214273e+02,3.2185050966919730e-03
1.2531777006329856e+00,1.5629647736328523e-06,3.1525391556445410e-02,6.1983571002950280e+00,1.9661475383095646e+02,8.8573558726198436e-06
1.2552772989251282e+00,1.0424081278301357e-03,4.4968620618898100e-02,6.2008362065918865e+00,1.3789251529734449e+02,6.5086591860507937e-03
1.2547948361369874e+00,3.4109622700373323e-06,4.4389557188831426e-02,6.1953693432747921e+00,1.3956817178688976e+02,3.1518958511814908e-05
1.2575820975265393e+00,1.4420340804952104e-04,3.7009463861317579e-02,6.2494500831444766e+00,1.6886086506312304e+02,3.3731921901009087e-03
1.2580010119054579e+00,1.7588445681035175e-06,3.7393051895882101e-02,6.2541932732959182e+00,1.6725549149371943e+02,1.8851343057155491e-05
1.2598982718614509e+00,1.2943864977395575e-04,2.8907186976961229e-02,6.2754251702614088e+00,2.1708875288567052e+02,5.4622605187470931e-03
1.2605143758841386e+00,1.5766965436831061e-04,4.1175079637599026e-02,6.2349942074796134e+00,1.5142640311461906e+02,1.1371366424837459e-03
1.2600503450862295e+00,8.1664786974864557e-05,4.0938279136839360e-02,6.2297252281134394e+00,1.5217359790063725e+02,2.0595692189924546e-03
1.2604784877243851e+00,1.0952967684228413e-04,3.0188839008455402e-02,6.2341781143001409e+00,2.0650605717411156e+02,3.8054540301213271e-03
1.2612110002394965e+00,1.0574079764447491e-03,3.0497075237874344e-02,6.2424874379447779e+00,2.0469134791628238e+02,6.6739203518137152e-03
1.2602191459334282e+00,1.0233842336536920e-05,3.0216259742679649e-02,6.2312592701812584e+00,2.0622205803254244e+02,4.5608571971067956e-05
1.2600366149948221e+00,3.6914230494924910e-04,3.2760818670090383e-02,6.2275400496012798e+00,1.9009109974674814e+02,8.8071647301053851e-03
1.2614312286159488e+00,1.7009268410855770e-05,3.3351820316307727e-02,6.2433270940692749e+00,1.8719599214848654e+02,2.6119239913375480e-05
1.2635287883182271e+00,5.4506981803888329e-04,4.4516328998603819e-02,6.2170644833602209e+00,1.3965806757235549e+02,5.7589249284033537e-03
1.2626524161264290e+00,7.6681425363227768e-06,4.3400419519716703e-02,6.2069213779964372e+00,1.4301523917704640e+02,5.8043821121312667e-05
1.2682062796526579e+00,5.9725765197735981e-04,5.5629298340925969e-02,6.2696131997880205e+00,1.1270343841772893e+02,4.5623175797537109e-03
1.2677544386264352e+00,3.2776844812530667e-05,7.7811704092810172e-02,6.3382091419301956e+00,8.1455729775179776e+01,2.0262854627561662e-04
1.2677647190036623e+00,1.9305579673618757e-07,7.7883211619765622e-02,6.3383334913504390e+00,8.1382538797897524e+01,6.0314915270713899e-07
1.2710654509858512e+00,1.9085631483188731e-03,4.7253335849116694e-02,6.3034604137063788e+00,1.3339715176583050e+02,2.1400385651189749e-02
1.2674177830019402e+00,1.2835561474937098e-04,4.5215249231455069e-02,6.2619317923206621e+00,1.3849159075218367e+02,9.7900354296333422e-04
1.2672939653978788e+00,8.1633040823224966e-07,4.6227930663421499e-02,6.2605150533486622e+00,1.3542711005021005e+02,1.6989703560898644e-05
1.2664741783704152e+00,5.5610620912965809e-05,3.5260173159290947e-02,6.2513495108618953e+00,1.7729208199349651e+02,1.4911539465268567e-03
1.2662182112136366e+00,6.6246649791288396e-07,3.5304092398674096e-02,6.2484406527341081e+00,1.7698913151974355e+02,1.9366894271153590e-06
1.2648014898701518e+00,9.7469182612299846e-05,2.4753055715395000e-02,6.2326346360948168e+00,2.5179253453618944e+02,3.7099011484865605e-03
1.2641594638439684e+00,3.8057599587730398e-06,2.5027714681751884e-02,6.2253472398183778e+00,2.4873814165531383e+02,1.0958365221227959e-05
1.2612224125471263e+00,1.2050394852169796e-03,4.2827253472315405e-02,6.1982752847545495e+00,1.4472735891787383e+02,2.1312541462087605e-02
1.2650006616255089e+00,1.2976545487530518e-04,4.2711481123428277e-02,6.2411586234206426e+00,1.4612367586562613e+02,6.7353073757126891e-04
1.2649217171837541e+00,4.4702167681629611e-07,4.3636716008608148e-02,6.2402216185433863e+00,1.4300392397338945e+02,1.0447962052543625e-05
1.2665010564770853e+00,1.4694792278556370e-03,7.5314017226347493e-02,6.2362303777055841e+00,8.2803050579061818e+01,6.2227616748811859e-04
1.2667504679286306e+00,6.2209985013195760e-07,7.5332231145443240e-02,6.2389820691551545e+00,8.2819557768169773e+01,7.1741902095754678e-07
1.2660900598720624e+00,9.4124229793876568e-04,6.1653863751041940e-02,6.1877834309875714e+00,1.0036327092124861e+02,2.5305769718329736e-03
1.2666067968877979e+00,2.4579133747162704e-06,6.1641603509560841e-02,6.1936988978696181e+00,1.0047919822379301e+02,6.1209976925094107e-07
1.2665388508828668e+00,5.9570879800541156e-04,6.1220165121144351e-02,6.2072615897774153e+00,1.0139243462500133e+02,5.9968395438763323e-03
1.2675999586879472e+00,9.3114648173485069e-06,6.1640785987452450e-02,6.2193852548577047e+00,1.0089724125392752e+02,6.5505324265618936e-06
1.2696093129588646e+00,1.4313611882561740e-04,5.1963377364118137e-02,6.2417646340351247e+00,1.2011853252527811e+02,2.6627056750741849e-03
1.2700042505186027e+00,1.6932526849662294e-06,5.2310730833834473e-02,6.2463085735422741e+00,1.1940778639441555e+02,6.7368795069436665e-06
1.2728603462849843e+00,2.0196727557150878e-04,4.4515930516186873e-02,6.2785187028529839e+00,1.4103981720813385e+02,4.6669402789982660e-03
1.2734643425381706e+00,3.5644216792526522e-06,4.5250160867353888e-02,6.2854899329361587e+00,1.3890536105189582e+02,3.3315146303660446e-05
1.2775559481507133e+00,3.2232015725234659e-03,6.6100535366965696e-02,6.2962599687385374e+00,9.5252783260892414e+01,2.6635581050812884e-02
1.2736844449259959e+00,1.7648755203983411e-04,6.1769485123168051e-02,6.2511653066286144e+00,1.0120151227040053e+02,1.3806987322621154e-03
1.2733857877823880e+00,3.1248271192815033e-06,6.3473941932849193e-02,6.2478460342461855e+00,9.8431668870604440e+01,4.5537761175125867e-05
1.2734268949420071e+00,1.1052970331283530e-03,6.4477442026047632e-02,6.3421235055832632e+00,9.8361896909948271e+01,6.2041679754624567e-04
1.2733076179901550e+00,2.5159475298514889e-07,6.4545723158270507e-02,6.3408299115489788e+00,9.8237801070116333e+01,1.0439437339750371e-07
1.2699364100749075e+00,2.5243611797529049e-04,4.3538017518400592e-02,6.3043798404801663e+00,1.4480172042320780e+02,7.5319225991200981e-03
1.2689285683362945e+00,9.4427003507269144e-06,4.4756090665200914e-02,6.2928335516549607e+00,1.4060284216350939e+02,7.9698382992766118e-05
1.2626867438675420e+00,4.6080530908803078e-04,4.5651390792882426e-02,6.2210152915208807e+00,1.3627219638817243e+02,7.8110621661377872e-03
1.2617028061671773e+00,9.9757573707283175e-06,4.7272778341439843e-02,6.2098412861109722e+00,1.3136188529598982e+02,1.4883581831079165e-04
1.2537739170739624e+00,3.3682374690740132e-03,5.1591441388685030e-02,6.1178789408653245e+00,1.1858321411828378e+02,4.9493461715418484e-02
1.2663296805924498e+00,2.2055144579623881e-03,3.6988460729485473e-02,6.2594283075643062e+00,1.6922651508378618e+02,5.8136282467116343e-02
1.2592308147967033e+00,1.5058464216915690e-03,5.4750185574414079e-02,6.1798477905570319e+00,1.1287354966418609e+02,1.6694706993802873e-02
1.2622192844145270e+00,6.6833567513436198e-04,5.0207260186146553e-02,6.2135120027592619e+00,1.2375724107872603e+02,1.3222611363237782e-02
1.2646623808811903e+00,5.0974103737136553e-05,5.1509599360166518e-02,6.2413816942513387e+00,1.2116929216649923e+02,2.5037059957797283e-05
1.2645154905852374e+00,3.7919613430520547e-07,5.1753533640448532e-02,6.2397242428816240e+00,1.2056614889780009e+02,6.6498809587108337e-06
1.2682942246174302e+00,2.6678570756608983e-04,4.5661304933058908e-02,6.2823989310758517e+00,1.3758693362544219e+02,5.8725643768716149e-03
1.2690217750946480e+00,5.3454265222057570e-06,4.6665638432722430e-02,6.2907681843995729e+00,1.3480514562056052e+02,5.5613074252026414e-05
1.2742071327803803e+00,3.6355040877684497e-04,7.2830183459374531e-02,6.3179590162838792e+00,8.6749184420331787e+01,3.1346797796249718e-03
1.2733735896467864e+00,7.8082113759370805e-06,7.2432583891640506e-02,6.3083233565650660e+00,8.7092341838893233e+01,6.9662989126427952e-05
1.2693717109002112e+00,3.0544507618429363e-04,5.3137143213264897e-02,6.2605236123844765e+00,1.1781821968219079e+02,7.8373420366189498e-03
1.2684459881703500e+00,8.4241378771423486e-06,5.4321977249644812e-02,6.2498500015137513e+00,1.1505196088116649e+02,7.6237574406594116e-05
1.2624357540022815e+00,7.7775645220370124e-04,4.5375707708177532e-02,6.1899690544287731e+00,1.3641592312428500e+02,1.1687702317889683e-02
1.2640811539809211e+00,2.9793573404654492e-05,4.3163432676938555e-02,6.2088108741592549e+00,1.4384423316444224e+02,4.0402532718584918e-04
1.2619635372842530e+00,1.1419490107218494e-03,5.9834109531121643e-02,6.2216134447756675e+00,1.0398104849441448e+02,7.2462961638786244e-03
1.2634260385248377e+00,1.6686569302123112e-05,5.9679731447963513e-02,6.2382440434486410e+00,1.0452868825135292e+02,3.9140418456499203e-05
1.2640184635083365e+00,4.7155152449486023e-05,4.8468321867172752e-02,6.2443381216907481e+00,1.2883338810044492e+02,8.3025349645493216e-04
1.2648840784588256e+00,1.0544809222462058e-04,3.7503527777408285e-02,6.2536201411171746e+00,1.6674751714648792e+02,2.5469102176311083e-03
1.2653187112494386e+00,1.7094499934985675e-06,3.7708648908383359e-02,6.2585731541697882e+00,1.6597182172651077e+02,6.9421498441763522e-06
1.2668120451251781e+00,2.3250347419164088e-04,3.1420341817247378e-02,6.2629078605861892e+00,1.9932653492484698e+02,6.2013637711730045e-03
1.2657241448457099e+00,1.0319679937590481e-05,3.0943866958135998e-02,6.2505210242782958e+00,2.0199547240603880e+02,6.7867911076003614e-05
1.2657991738457972e+00,2.0054110986118005e-03,6.2251950917095927e-02,6.2493651656752238e+00,1.0038826211242471e+02,3.4128309679839701e-02
1.2600684168854877e+00,1.2139774564895909e-03,7.6937759753057597e-02,6.2336192938131649e+00,8.1021585679396310e+01,4.0702635052806508e-03
1.2602393680953343e+00,2.5767315411646931e-06,7.8969055912689309e-02,6.2357548326619661e+00,7.8964535672762935e+01,3.2636863751873476e-05
1.2574178366220679e+00,2.0029125746243480e-03,5.4546166424863055e-02,6.1909539380633651e+00,1.1349934090402776e+02,1.4905660609575067e-02
1.2599269482094801e+00,1.1738033864637470e-04,5.8421858600466926e-02,6.1671162109855082e+00,1.0556179414217094e+02,1.4972378052423052e-04
1.2599670993291525e+00,1.5036924563993379e-07,5.8812969693757107e-02,6.1675854705782305e+00,1.0486777836067864e+02,2.0687561868699322e-06
1.2581078745958545e+00,1.2867842032166421e-04,4.8990442628526108e-02,6.1461490045740117e+00,1.2545608234605412e+02,2.7397568104281754e-03
1.2576963388807934e+00,1.4643416440290140e-06,4.9233596952014472e-02,6.1415062543789256e+00,1.2474218083973724e+02,4.1027215734920575e-06
1.2549435357078078e+00,1.9115037606959231e-04,4.0701779234340978e-02,6.1101974365106226e+00,1.5012113847237705e+02,5.3560448194341567e-03
1.2542277967878181e+00,4.2874809140934710e-06,4.1330880706527649e-02,6.1021473659793983e+00,1.4764135826933025e+02,3.2146191179906880e-05
1.2499581340177608e+00,3.0077881005904331e-04,3.6263204818093316e-02,6.0540645965178852e+00,1.6694786428521189e+02,8.2652002689445822e-03
1.2488202231791652e+00,1.2060481809197069e-05,3.7726613525834722e-02,6.0413213372942289e+00,1.6013420693477315e+02,1.4333503263420669e-04
1.2423884327677170e+00,1.9568044550090664e-03,4.6470811740327911e-02,5.9799604602319398e+00,1.2868207453846691e+02,2.4446826512616475e-02
1.2467247663477263e+00,1.9614001004345885e-04,4.2225060217232886e-02,6.0283965413468152e+00,1.4276821655985484e+02,2.6956305563699684e-03
1.2470164079119981e+00,3.2581516544240414e-06,4.4022315149634124e-02,6.0316394119152204e+00,1.3701322593810357e+02,6.9431238704366650e-05
1.2478333909361987e+00,1.1485636989490018e-03,4.9150825178650395e-02,6.0620394572311245e+00,1.2333545642819213e+02,1.7844244735809301e-02
1.2510544545548801e+00,9.3747756237876555e-05,5.2371676790680714e-02,6.0981282083597499e+00,1.1643943028085138e+02,2.4099645995140004e-04
1.2506037898202249e+00,2.3650917727988756e-06,5.2384492975725665e-02,6.0930500969988666e+00,1.1631400345560874e+02,3.1826234150330964e-05
1.2560028080026742e+00,2.2345549350484923e-03,3.6814795135302128e-02,6.1828794176176771e+00,1.6794550655230574e+02,4.5490346052712204e-02
1.2465788132412923e+00,1.0655266499978973e-03,3.3006630809840745e-02,6.0777387762446340e+00,1.8413690301382078e+02,2.2723369717296146e-02
1.2528463729637769e+00,8.9461650967707332e-04,3.9035493743328729e-02,6.1473036563077397e+00,1.5747984889670647e+02,2.2041338812822931e-02
1.2507092803272242e+00,4.6884833598425047e-04,3.7470219469374809e-02,6.1234442069091193e+00,1.6342162639089793e+02,1.6716958769838350e-02
1.2479535239768116e+00,7.1056541797704051e-05,3.8302538810753121e-02,6.0925790165275204e+00,1.5906462614997938e+02,6.2520057017018842e-04
1.2481399249168912e+00,7.1460021496936551e-07,3.8629589040285503e-02,6.0946342294676956e+00,1.5777113815815659e+02,2.0284630423729934e-05
1.2432583808615865e+00,3.4532244931222784e-04,3.5853799295174515e-02,6.0406173746189884e+00,1.6847914289049925e+02,8.0745448869220561e-03
1.2420840840024483e+00,1.3530153487472126e-05,3.7541578075038287e-02,6.0274418458513832e+00,1.6055376877881113e+02,1.7472499997729828e-04
1.2351089628385927e+00,8.7900440055944961e-04,4.3699226142745351e-02,5.9873457654708622e+00,1.3701262685780628e+02,9.3452783573123518e-03
1.2362886948444793e+00,1.5939118674304221e-05,4.1844939274210576e-02,6.0005368052118087e+00,1.4339934312940909e+02,2.9686356790697998e-04
1.2342824789375990e+00,1.2813329189184457e-04,3.2365133198219022e-02,5.9789813657989530e+00,1.8473526214710472e+02,4.5698391486632137e-03
1.2336685993824299e+00,3.3118290270292465e-06,3.2783747211813770e-02,5.9721480845278867e+00,1.8216795188000341e+02,2.2483958609001190e-05
1.2301975383065797e+00,1.4649194630189815e-03,3.7889341333731862e-02,5.9572396974833079e+00,1.5722732271884962e+02,1.9345728608828702e-02
1.2335000321862779e+00,1.1745882579059905e-04,4.0635959342743166e-02,5.9849954015971436e+00,1.4728323136453659e+02,2.6789957987570522e-04
1.2335388739702091e+00,1.9330393530663474e-07,4.1346600205288117e-02,5.9853761794376323e+00,1.4476102387427053e+02,3.0657125396324329e-06
1.2331516750852680e+00,2.5914214225239293e-05,3.0831668168125072e-02,5.9818989495385981e+00,1.9401801151073974e+02,8.6301627851050771e-04
1.2324996320823343e+00,6.9402202135137903e-05,2.0378908852151611e-02,5.9755879848604554e+00,2.9322413816231142e+02,3.6355009980423053e-03
1.2319581587824806e+00,2.6576666345990872e-06,2.0461864351405866e-02,5.9695693188145746e+00,2.9174122241722444e+02,2.0452028302028816e-06
1.2303542812988613e+00,4.6685900300187151e-04,2.4930874215640164e-02,5.9801356808720909e+00,2.3986867163769594e+02,8.3789134204997028e-03
1.2320305774205560e+00,2.4784307560731977e-05,2.5710146870433093e-02,5.9987847376161536e+00,2.3332362774305312e+02,8.4031165392397500e-05
1.2356803831323981e+00,3.9733141688993437e-03,6.2819541570895893e-02,6.0775580352187690e+00,9.6746297143220218e+01,4.3474107692390941e-02
1.2270451910829445e+00,6.8564984067494804e-04,5.4261432874108083e-02,5.9582753333054175e+00,1.0980681890817753e+02,9.3975309893017927e-03
1.2282116362991915e+00,3.4803566963824527e-05,5.7028081721048902e-02,5.9707721737062425e+00,1.0469880791207549e+02,6.5082585513208857e-04
1.2231523354974769e+00,3.8369551978823880e-04,5.4033111362276579e-02,5.9154449761176364e+00,1.0947814824980682e+02,6.0182812003412049e-03
1.2222852009478511e+00,7.0914723829092803e-06,5.5201969562067847e-02,5.9057980107977137e+00,1.0698527711329879e+02,6.1991384808299900e-05
1.2157400820842068e+00,3.1222922248342021e-03,5.7056144923916897e-02,5.8608642697125646e+00,1.0272100012238641e+02,3.0096252576803068e-02
1.2211496624356413e+00,6.1547826906268254e-04,5.5001757568628004e-02,5.9507783341477385e+00,1.0819251233422318e+02,3.4904919330518004e-03
1.2212806315940352e+00,1.5545664301233777e-05,4.9749396355149446e-02,5.9264381208153889e+00,1.1912582975897671e+02,1.1575268537923264e-04
1.2183737054976100e+00,9.5415216419121585e-04,4.5270586174556184e-02,5.9231256056894743e+00,1.3083827947026893e+02,6.9193401266617006e-03
1.2176585430315383e+00,5.5187281245462763e-06,4.5891246490292838e-02,5.9151988998110214e+00,1.2889601726251294e+02,3.4720475164231529e-05
1.2140656486492343e+00,6.0432839703297638e-04,6.4307937337106269e-02,5.8812437871496455e+00,9.1454399420709052e+01,3.9261691872969663e-03
1.2147022785321837e+00,2.9021450762496420e-06,6.3935641151929040e-02,5.8882065915362434e+00,9.2095840214446440e+01,1.7510850075689084e-05
1.2128879512837656e+00,1.1820953485378078e-04,5.4426061875329466e-02,5.8688852165825551e+00,1.0783225929566721e+02,2.8158925163817377e-03
1.2125421949747182e+00,9.5343068114987281e-07,5.4604763914178116e-02,5.8650992907344985e+00,1.0741002927789651e+02,6.3592485859762601e-06
1.2099790461040494e+00,1.0030850627080693e-03,7.0023398456264707e-02,5.8590973052512521e+00,8.3673421090961952e+01,1.3307308436734467e-02
1.2081027545140590e+00,3.0703000367875151e-05,7.1515184873352469e-02,5.8386032620249235e+00,8.1641448209420304e+01,1.0360366856749168e-04
1.2038141489622838e+00,6.6484087414439401e-04,5.7005098915191878e-02,5.8553103881142352e+00,1.0271555526682532e+02,1.4046903300689859e-03
1.2036746432503995e+00,3.3909074071994326e-07,5.7168655040375937e-02,5.8537394837469714e+00,1.0239421374549933e+02,2.5921246327626110e-06
1.2000617402304126e+00,1.4689248903849489e-03,4.5852011320306571e-02,5.8136285545503901e+00,1.2679113493928013e+02,7.8914828818047889e-03
1.1993629953560478e+00,7.2026001159144008e-06,4.6795476012591111e-02,5.8060174963747464e+00,1.2407219652627403e+02,5.3600259095782496e-05
1.1944163601094211e+00,2.7806899574686687e-04,4.4452607382144883e-02,5.7527488359342289e+00,1.2941308001305035e+02,3.7903414465759941e-03
1.1938516841253288e+00,2.8714302081659719e-06,4.5224999432884404e-02,5.7466526887853790e+00,1.2706805441343626e+02,3.3617453758067612e-05
1.1880799369968598e+00,6.0504309972262663e-04,3.9110646993018056e-02,5.7743338756790257e+00,1.4764097041682402e+02,9.1705413489464142e-03
1.1868031217112653e+00,5.2604892899654017e-04,3.9665634765259888e-02,5.7303766877099802e+00,1.4446703605330379e+02,9.0411006018687144e-03
1.1877938449815835e+00,4.6289042343308263e-04,3.9302667498582931e-02,5.7712615202474256e+00,1.4684147126796191e+02,8.8701278273199107e-03
1.1868133464037227e+00,5.2362799877605213e-04,3.9658766976907817e-02,5.7304863833878734e+00,1.4449481968828164e+02,8.9969849395559777e-03
1.1876029641382500e+00,1.8981664383987571e-04,9.2944628374089386e-02,5.7577237346609405e+00,6.1947891291650464e+01,1.8413174487125336e-03
1.1874129083736895e+00,4.7696178718151834e-07,9.3259886298744904e-02,5.7556634209293627e+00,6.1716389000217156e+01,3.4324955925510359e-06
1.1791279621573605e+00,3.0812860273410356e-03,6.9031020431635726e-02,5.6791795795555249e+00,8.2269964199353694e+01,2.4499332519147789e-02
1.1811332833472716e+00,7.1515458578520882e-04,5.4584132289308807e-02,5.7010451938294713e+00,1.0444510070458909e+02,9.9536471185027141e-03
1.1824010844128232e+00,1.4671821728941491e-05,5.5013503377952799e-02,5.7145732540731142e+00,1.0387582871814132e+02,1.0591246682510362e-04
1.1817005584064919e+00,5.6947580587853096e-04,4.8598200277739437e-02,5.7261746522776154e+00,1.1782688699483607e+02,6.6199975422881700e-03
1.1806447810677099e+00,8.7939153988911828e-06,4.9090713038432668e-02,5.7149161944853759e+00,1.1641542444109990e+02,8.5226706960016383e-06
1.1774408406059873e+00,3.7986713716836259e-04,3.9319330515420234e-02,5.6827975258982937e+00,1.4452935620736517e+02,1.6195744247092117e-03
1.1772314677671392e+00,3.6365059811167494e-07,3.9489440278411739e-02,5.6805570841175959e+00,1.4385002785727170e+02,1.9048811837306534e-06
1.1739035173996342e+00,2.1190202771665135e-04,3.3798152284956064e-02,5.6455233098902244e+00,1.6703644809610228e+02,5.7299997700428510e-03
1.1730646352577059e+00,6.3979026922633572e-06,3.4635865778317600e-02,5.6366064725011329e+00,1.6273900899655598e+02,5.7613279440768497e-05
1.1680474738010269e+00,9.7736945496474281e-04,4.1279528869676792e-02,5.5932751575229638e+00,1.3549755316203922e+02,1.0433993182573341e-03
1.1679872850092141e+00,1.8871837485431049e-07,4.1374378682845749e-02,5.5925547999385996e+00,1.3516951741579462e+02,1.7071018214615147e-06
1.1675427986462237e+00,2.7434302953858284e-05,3.1591610273894753e-02,5.5880810899922890e+00,1.7688497172332853e+02,1.1132682232300327e-03
1.1668228164144525e+00,1.3705723241338524e-03,3.7468385722058718e-02,5.5600190705219541e+00,1.4839227693891843e+02,3.7173584309653174e-02
1.1353734838263716e+00,5.4179707273359192e-03,4.9496149705857251e-02,5.2257357875104367e+00,1.0557863224848046e+02,9.5281434632085368e-02
1.1658484118613133e+00,1.5606054898493248e-03,4.5387555824594888e-02,5.5511080224257947e+00,1.2230462560880456e+02,3.6574846301088712e-03
1.1667995389925891e+00,1.1674503957623400e-03,3.7495108329419276e-02,5.5597167943976817e+00,1.4827845663364673e+02,3.7148640742474710e-02
1.1655198396658928e+00,1.1149077905834282e-03,3.8983709044360007e-02,5.5462338967479781e+00,1.4227055435994700e+02,3.4462614863711057e-02
1.1624641108622618e+00,8.7370931945866175e-04,4.2575117303301963e-02,5.5140718477836739e+00,1.2951395549897930e+02,2.4589267476448125e-02
1.1600865694933815e+00,2.2927785702207823e-04,4.5534766767725172e-02,5.4890860113235371e+00,1.2054714234781532e+02,5.7726470349547159e-03
1.1604162140096006e+00,2.2657288871396377e-06,4.5282867956298656e-02,5.4925267088246406e+00,1.2129370238045298e+02,5.1027870627064919e-05
1.1522203192798168e+00,3.2645231716791788e-04,3.0263756424816549e-02,5.4004410730885510e+00,1.7844582798254817e+02,7.7604730537579507e-03
1.1526661180488560e+00,7.2211597704635455e-06,2.7776707763922520e-02,5.4050911163180873e+00,1.9459077592119942e+02,2.7872743269674702e-04
1.1501500849177575e+00,1.4797247659731078e-04,2.0872407875599679e-02,5.3789509072394219e+00,2.5770629528218154e+02,6.5737706086217420e-03
1.1491023845157877e+00,9.1984183014040035e-06,2.1833285522920201e-02,5.3680625003958067e+00,2.4586599642827503e+02,1.0682629099939687e-04
1.1442782229177451e+00,1.5558284462518409e-04,3.8299654355881001e-02,5.3170033039454845e+00,1.3882640439884403e+02,3.0431622197282632e-03
1.1439266204556036e+00,1.3806511634067672e-06,3.8761633107584743e-02,5.3133561158471547e+00,1.3707771551058448e+02,1.7669264425216891e-05
1.1389549468616991e+00,1.3916823035015432e-04,3.9071798150066013e-02,5.2623669153519028e+00,1.3468453371765312e+02,8.7085202734752331e-04
1.1388858552033569e+00,1.2181952323067688e-07,3.9186945256583616e-02,5.2616459693304831e+00,1.3427037843544332e+02,2.6397727664410024e-06
1.1335607400390098e+00,3.3204350772283840e-04,3.7862245691372011e-02,5.2059126606763346e+00,1.3749614069676406e+02,6.4361539263836686e-03
1.1327029530733106e+00,1.7585067870311234e-05,4.0145659808393498e-02,5.1981663887318286e+00,1.2948264927121753e+02,2.2142114667403231e-04
1.1258775730004036e+00,1.6331618332860126e-03,3.7433776273870428e-02,5.1167543623113172e+00,1.3668816965930634e+02,1.7237116193807484e-02
1.1281268256821553e+00,3.7858318182865537e-04,3.0822107009219814e-02,5.1352417171542273e+00,1.6660904186784256e+02,4.8006888047465680e-03
1.1289422995208309e+00,5.1497728316881698e-06,3.0618171767051994e-02,5.1435288219076236e+00,1.6798941690707150e+02,1.7744000904556996e-05
1.1265735426803845e+00,8.2854709745830478e-04,2.6152900250229871e-02,5.1076133380936515e+00,1.9529816155088795e+02,9.2377085814757606e-03
1.1248585463081353e+00,2.2031812342474859e-05,2.7686116815434581e-02,5.0901746201615801e+00,1.8385296334962680e+02,1.9384468286218339e-04
1.1195823768963082e+00,3.3347829846701755e-04,2.2059163056735383e-02,5.0442569498395384e+00,2.2866946206734539e+02,4.9981260400017696e-03
1.1202148473915676e+00,3.8489753061576200e-06,2.1307446677856012e-02,5.0506560599343029e+00,2.3703713243047795e+02,1.0287842021744220e-04
1.1172800822347109e+00,1.3773850506877204e-03,2.6942753768048319e-02,4.9903341997033763e+00,1.8521990152400321e+02,2.0518674852333156e-02
1.1135483075828070e+00,1.1462639450373396e-04,3.1145940108363350e-02,4.9527013526932304e+00,1.5901595313744679e+02,1.0697049124111222e-03
1.1143741501134063e+00,5.7463626311492009e-06,3.0646112093513211e-02,4.9610038350960410e+00,1.6188036576901135e+02,7.2068928310348420e-05
1.1073760948674412e+00,4.8426761203286295e-04,3.9616566559228947e-02,4.8927545483297932e+00,1.2350274072880232e+02,2.1215337234283720e-03
1.1077523973053700e+00,1.0777532587827244e-06,3.9116662546741426e-02,4.8965080463102382e+00,1.2517704035867796e+02,1.8797439248377450e-05
1.1030762434833183e+00,2.7854371760829166e-04,3.7090706121179685e-02,4.8498116355703980e+00,1.3075544099175397e+02,5.9071770401046978e-03
1.1021971959417538e+00,3.2213202220882927e-05,3.9646022511728517e-02,4.8325765102246798e+00,1.2189309807295434e+02,1.1072509515816976e-04
1.0966292667314987e+00,3.0894370276931063e-04,4.1675926095710872e-02,4.7773710441540773e+00,1.1463143094127298e+02,5.4537284372623675e-03
1.0960613940791712e+00,3.4391641433352193e-06,4.2480492357545002e-02,4.7717659092305134e+00,1.1232840403703550e+02,5.9475230860649644e-05
1.0894409970418180e+00,4.0385559562130933e-04,4.7305914722534648e-02,4.7065665109143104e+00,9.9492136205798602e+01,4.9246407831910399e-03
1.0889801628638214e+00,2.3020290815476505e-06,4.7953425182860630e-02,4.7020503722829066e+00,9.8054525914522145e+01,4.4819839035671906e-05
1.0815370821220827e+00,1.3043723354786150e-03,4.0068024172081322e-02,4.6507286276599435e+00,1.1607082514691322e+02,1.7513191447389529e-02
1.0838462614216704e+00,7.3919389043268665e-04,4.1177529774738909e-02,4.6358178570004300e+00,1.1258125201683067e+02,8.0556660266086003e-03
1.0835881661088709e+00,2.8799011537326822e-06,4.2482587796169737e-02,4.6333101748871268e+00,1.0906374623687283e+02,6.8223170931139455e-05
1.0779041302270003e+00,1.3101670779278229e-03,4.3519040053317137e-02,4.5980471254711421e+00,1.0565598689304423e+02,4.1907505788970267e-03
1.0779821967609124e+00,3.3839165366033684e-07,4.3666197255762852e-02,4.5988160683157879e+00,1.0531753066060404e+02,5.7277158781092516e-06
1.0717911649702165e+00,3.6635619122733049e-04,4.7337738548612479e-02,4.5387621717765914e+00,9.5880418265346719e+01,4.9518143121240971e-03
1.0712962788461968e+00,2.4053096588486992e-06,4.8029344833280661e-02,4.5339904469147578e+00,9.4400422546947780e+01,4.4797406000076865e-05
1.0642099148570177e+00,2.3882007526461650e-04,4.8615191817119804e-02,4.4591428482196056e+00,9.1723238797328406e+01,6.3503772861012338e-04
1.0642130184232603e+00,7.4873871631937713e-08,4.8555391569634281e-02,4.4591767816539596e+00,9.1836902916516763e+01,4.2617043608968936e-07
1.0585589327101825e+00,3.2393258792916610e-04,5.0033249374938443e-02,4.4050952279246411e+00,8.8043356826853312e+01,4.6437398292126283e-03
1.0579880433319175e+00,2.7488966899828697e-06,5.0812394474275123e-02,4.3996601117052894e+00,8.6586356679819772e+01,4.1039975031533293e-05
1.0512670633675476e+00,4.7246837503056431e-04,4.7282133900252182e-02,4.3359958222123023e+00,9.1704740555061449e+01,7.5879527266472487e-03
1.0518652107114681e+00,4.8218186426445868e-06,4.6108899356305182e-02,4.3416510092222351e+00,9.4160803442134949e+01,8.6498907432325256e-05
1.0458455220579903e+00,8.1228855660778849e-04,5.0554753127171670e-02,4.2770710489236343e+00,8.4602748195892914e+01,8.6901125672871216e-03
1.0447973059917228e+00,4.6772391234908264e-04,5.1372733090131163e-02,4.2887278229656109e+00,8.3482570713947212e+01,2.6570501030398599e-04
1.0451244565789206e+00,2.8055396087389101e-07,5.1093003102600322e-02,4.2918116242240973e+00,8.3999987544393733e+01,2.2889594430436527e-06
1.0391947482200763e+00,3.3564885136977093e-04,5.5352908016776760e-02,4.2360656910448737e+00,7.6528331443055819e+01,3.8424785627001498e-03
1.0388588651070150e+00,1.1313026759007191e-06,5.5771383920042862e-02,4.2329218368075994e+00,7.5897737141975270e+01,2.0806244373277606e-05
1.0322955068534887e+00,2.3028601604753885e-04,5.9844667208120719e-02,4.1857450938813638e+00,6.9943493533428367e+01,1.1824304535343414e-04
1.0321870336165164e+00,4.4007243933782620e-08,5.9940868083154547e-02,4.1847401710951804e+00,6.9814473912686580e+01,8.2257526785206724e-08
1.0256931628326367e+00,3.6290912231765770e-04,6.4594760901009685e-02,4.1245788630004201e+00,6.3853148544372871e+01,3.5667890370892599e-03
1.0253305453069403e+00,1.0749721382335492e-06,6.5035940359890146e-02,4.1212352715820453e+00,6.3368581261012253e+01,1.7290692810443223e-05
1.0181414450777444e+00,1.0193483753157414e-03,7.0565168197650976e-02,4.0494691963292642e+00,5.7386233176498912e+01,2.9270760051479244e-03
1.0188487856438282e+00,1.7875046255693385e-06,6.9820516725588588e-02,4.0559519655387017e+00,5.8091119283456003e+01,2.6121572798477411e-05
1.0122344975057151e+00,3.6435266612900094e-04,7.4839918686709986e-02,3.9955173398298478e+00,5.3387515779588476e+01,2.9457765993006302e-03
1.0118909813883701e+00,8.0674307093883459e-07,7.5241870289358123e-02,3.9923902934253044e+00,5.3060752983302308e+01,1.2172558212126657e-05
1.0046020671580205e+00,2.8192587402839153e-04,8.0822591345258599e-02,3.9291897723757798e+00,4.8614993740933585e+01,2.1227124667331262e-03
1.0043505432106512e+00,4.3392284014465728e-07,8.1118481592917333e-02,3.9269160606153228e+00,4.8409634691167497e+01,6.1857806649518951e-06
9.9669205496066748e-01,4.1919345899964650e-04,8.7683381070244565e-02,3.8579860278040474e+00,4.3999056385763147e+01,2.0882728337161113e-03
9.9632115195488191e-01,6.4163011593273564e-07,8.8089580526592035e-02,3.8546603194620292e+00,4.3758413837586659e+01,8.3354811591466892e-06
9.8792349425058334e-01,2.0591358969337553e-03,7.0222240864776755e-02,3.8222632615009871e+00,5.4430949716647703e+01,1.1131816476094085e-02
9.8968060710563455e-01,1.6610408961707267e-05,6.8244638152679157e-02,3.8379071057739225e+00,5.6237489268939051e+01,2.7320752261161601e-04
9.8392991527100937e-01,2.9938993971610430e-04,7.1550878059433512e-02,3.7868435317213365e+00,5.2925186027428019e+01,2.7526916179607770e-03
9.8357871400714725e-01,7.6683044271955598e-07,7.1945313799276017e-02,3.7837325294097219e+00,5.2591785755027139e+01,1.1043784647629698e-05
9.7711817642030208e-01,3.3787040988878024e-04,7.6320392576028948e-02,3.7267368878984226e+00,4.8830158783393536e+01,2.8677429152366889e-03
9.7673259955045644e-01,8.4943434567266162e-07,7.6749985018102845e-02,3.7233452158809990e+00,4.8512650719121076e+01,1.2660036385179281e-05
9.6950740099728172e-01,3.7722792650634229e-04,8.2200096658505528e-02,3.6600701663683668e+00,4.4526348692433643e+01,2.4491041940486917e-03
9.6909071465555119e-01,2.0440868942573190e-05,7.8541343416912754e-02,3.6727460315284697e+00,4.6761945642218244e+01,5.4123684721251558e-05
9.6106955061804322e-01,4.1552938124243046e-04,8.5225459965930339e-02,3.6030843193360105e+00,4.2277088569265295e+01,2.1317720968502046e-03
9.6062801574027379e-01,7.6798757491841752e-07,8.5678830270609643e-02,3.5992657766674880e+00,4.2008810873111813e+01,9.7698947705944847e-06
9.5171750073394712e-01,1.9077750759782927e-04,9.2871491685435209e-02,3.5230664369617637e+00,3.7934853559741811e+01,4.3434530357894068e-04
9.5161586747734539e-01,5.1755174473057166e-08,9.2975585364559840e-02,3.5221962553265702e+00,3.7883023177707798e+01,3.5987256415158458e-07
9.4253788047594633e-01,4.8787314690530953e-04,1.0259280206300793e-01,3.4435548226250985e+00,3.3565267283665968e+01,8.7199200648181740e-04
9.4296373618313201e-01,3.5315252334102987e-07,1.0221912612532200e-01,3.4471672898776724e+00,3.3723310113719812e+01,2.4923863403398593e-06
9.3516406874575109e-01,5.7861411684210270e-04,9.8343810016900970e-02,3.4121984791301871e+00,3.4696626849659175e+01,2.1749162406033569e-03
9.3530127911843342e-01,2.8534521218221081e-07,9.8164091587760502e-02,3.4133501960867738e+00,3.4771881865123518e+01,2.6596839514170473e-06
9.2727229154476754e-01,5.4147623366366106e-04,1.0537081643321586e-01,3.3464792480225793e+00,3.1759071072051356e+01,2.7654953669908589e-03
9.2661381798617393e-01,1.5101435900591908e-06,1.0602030598040030e-01,3.3409861452985501e+00,3.1512700462458479e+01,1.4937421111325152e-05
9.1757940406195759e-01,7.5400537309052915e-04,9.9239289228421138e-02,3.2722035199734738e+00,3.2972863322728713e+01,4.7447219667103918e-03
9.1672023465682828e-01,3.6272765874169510e-06,1.0009514084050121e-01,3.2651118640857333e+00,3.2620083619129893e+01,3.6008525278404721e-05
9.0619353145409676e-01,1.6674931721572913e-04,1.0921747458724680e-01,3.1835256165367829e+00,2.9148500535907093e+01,8.9999714146000596e-04
9.0609336805968699e-01,9.1752745159576960e-08,1.0932394002053339e-01,3.1827090919173728e+00,2.9112645330195669e+01,8.1641897498819621e-07
8.9544866190315819e-01,3.8972735053564259e-04,1.1712879972460473e-01,3.1059847113331940e+00,2.6517685817971664e+01,1.2173338394953302e-03
8.9494066348087553e-01,5.3956266150458490e-07,1.1758400153728100e-01,3.1018928979854463e+00,2.6380229090961535e+01,4.4440959205298352e-06
8.8324007848618047e-01,5.1234034595644569e-04,1.2806797073176926e-01,3.0079646260282997e+00,2.3487251409084184e+01,9.7837469864633301e-04
8.8245690843772806e-01,4.6396471058220684e-07,1.2875424925541595e-01,3.0017416850744962e+00,2.3313729080271347e+01,3.4417482209889140e-06
8.6930625164476116e-01,6.4878755795420959e-04,1.4016317937419570e-01,2.8998965038090661e+00,2.0689431537987375e+01,1.2663377249610768e-03
8.6824306133222329e-01,6.8811219269037695e-07,1.4108077665782340e-01,2.8915835292961605e+00,2.0495942805229891e+01,4.6200532287711940e-06
8.5292911479512701e-01,7.0263140631131359e-04,1.5409593103424951e-01,2.7729780215904554e+00,1.7995141098009462e+01,1.4710204682035024e-03
8.5169583229387857e-01,7.6165787370269898e-07,1.5514093540657681e-01,2.7635183313607410e+00,1.7812953906191211e+01,5.0289021440479323e-06
8.3385622246240498e-01,5.1607661160536290e-04,1.7032385084467178e-01,2.6302929407227622e+00,1.5442892628827886e+01,4.9478658910545690e-04
8.3374761581184220e-01,1.6025132706251034e-07,1.7040891889967219e-01,2.6294794921807734e+00,1.5430410034634821e+01,2.3072995105503899e-07
8.1485006448197805e-01,6.4819426045106495e-04,1.7768820361644008e-01,2.4925323778226538e+00,1.4027562477940654e+01,1.7132678763943563e-03
8.1354239987317389e-01,5.2980467054338518e-07,1.7872283754158430e-01,2.4829504866822623e+00,1.3892743204150070e+01,2.6411000885124472e-06
7.9241166685693254e-01,8.7900910890411407e-04,1.9514580561932815e-01,2.3302515157490853e+00,1.1941079175919969e+01,2.4355955033326698e-03
7.9048997905505447e-01,1.4639509366785289e-06,1.9667374368843343e-01,2.3165640563639389e+00,1.1778715414263903e+01,7.6047789909592104e-06
7.6548729208279542e-01,9.8312865744458553e-04,2.1561276781193292e-01,2.1415094016091252e+00,9.9322012482908484e+00,3.0482877197129526e-03
7.6329586134545779e-01,1.7589245541871921e-06,2.1729699622396742e-01,2.1264345047879232e+00,9.7858439911254589e+00,7.4203072149154199e-06
7.3395568059879313e-01,9.5210981877917318e-04,2.3884396783573220e-01,1.9287394613038935e+00,8.0753115884861160e+00,3.3677601706540673e-03
7.3187476412150643e-01,1.8654613046890588e-06,2.4037974942678400e-01,1.9150147826583772e+00,7.9666227593005354e+00,6.4102837670697789e-06
6.9828603866455186e-01,1.0366960280851140e-03,2.6394094100155391e-01,1.6975236290603446e+00,6.4314525159260940e+00,3.8518828390276885e-03
6.9614699331177821e-01,2.4375278089867689e-06,2.6544931214385331e-01,1.6841022741761236e+00,6.3443459716462494e+00,8.6923202965143571e-06
6.5863742649568358e-01,9.8493035708534888e-04,2.9145470617563407e-01,1.4550957301660354e+00,4.9925278245092990e+00,3.4149824463770629e-03
6.5679306167304252e-01,2.1326856664393168e-06,2.9267599554387408e-01,1.4441798157375891e+00,4.9343978929802494e+00,7.2907736826155894e-06
6.1596127636824649e-01,1.0689661780550410e-03,2.6064256548691750e-01,1.2108960899607870e+00,4.6458109698953445e+00,3.3459794758197913e-03
6.1426141558569913e-01,2.1550942526122013e-06,2.5647973595729096e-01,1.2014874625715242e+00,4.6845317353710785e+00,6.7542021357250139e-06
5.7038502053823770e-01,7.8995067948604174e-04,1.5335335193639171e-01,9.6626617347361499e-01,6.3009132912491230e+00,2.3094996751392210e-03
5.6937430566300473e-01,9.7441813009132059e-07,1.5108067694242200e-01,9.6108389131640903e-01,6.3613951880999675e+00,2.8085488566445430e-06
5.2359491649025425e-01,7.7752234572636052e-04,5.4941653491050742e-02,7.3602126076958130e-01,1.3396416270752923e+01,2.1176155231383068e-03
5.2278865759042048e-01,7.0089927896356283e-07,5.3444529862138171e-02,7.3222712607348495e-01,1.3700693559514653e+01,1.8940664449455844e-06
4.7558924877234277e-01,6.6096737518781510e-04,5.3235836523963923e-02,5.2043761094042096e-01,9.7760765101558569e+00,1.6899611189622145e-03
4.7505152390035943e-01,3.7678539246006228e-07,5.4140665310288209e-02,5.1814354256813455e-01,9.5703209334162551e+00,9.4185632925963626e-07
